"Species","OpenDate","MassTotal","Diet_Item","Prop"
"Brook Trout","Salmon Before",0.5342,"Eggs",0
"Brook Trout","Salmon Before",1.8181,"Eggs",0
"Brook Trout","Salmon Before",0.4143,"Eggs",0
"Brook Trout","Salmon Before",1.1402,"Eggs",0
"Brook Trout","Salmon Before",0.3321,"Eggs",0
"Brook Trout","Salmon Before",0.0161,"Eggs",0
"Brook Trout","Salmon Before",0.0521,"Eggs",0
"Brook Trout","Salmon Before",0.0452,"Eggs",0
"Brook Trout","Salmon Before",0.1349,"Eggs",0
"Brook Trout","Salmon Before",0.0073,"Eggs",0
"Brook Trout","Salmon Before",0.2974,"Eggs",0
"Brown Trout","Salmon Before",0.0086,"Eggs",0
"Brown Trout","Salmon Before",0.1209,"Eggs",0
"Brown Trout","Salmon Before",0.7619,"Eggs",0
"Brown Trout","Salmon Before",0.015,"Eggs",0
"Brown Trout","Salmon Before",0.053,"Eggs",0
"Brown Trout","Salmon Before",0.0516,"Eggs",0
"Brown Trout","Salmon Before",0.1122,"Eggs",0
"Brown Trout","Salmon Before",0.0389,"Eggs",0
"Brown Trout","Salmon Before",0,"Eggs",0
"Brown Trout","Salmon Before",0.048,"Eggs",0
"Brown Trout","No Salmon Before",0.0022,"Eggs",0
"Brown Trout","No Salmon Before",0.0827,"Eggs",0
"Brown Trout","No Salmon Before",0.1161,"Eggs",0
"Brown Trout","No Salmon Before",0.4452,"Eggs",0
"Brown Trout","No Salmon Before",0.1159,"Eggs",0
"Brown Trout","No Salmon Before",0.0737,"Eggs",0
"Brown Trout","No Salmon Before",0.1638,"Eggs",0
"Brown Trout","No Salmon Before",0.0055,"Eggs",0
"Brown Trout","No Salmon Before",0.1507,"Eggs",0
"Brown Trout","No Salmon Before",0.0227,"Eggs",0
"Brown Trout","Salmon Before",0.9348,"Eggs",1
"Brown Trout","Salmon Before",0.1165,"Eggs",0
"Brown Trout","Salmon Before",0,"Eggs",0
"Brown Trout","Salmon Before",0.0596,"Eggs",0
"Brown Trout","Salmon Before",0,"Eggs",0
"Brown Trout","Salmon Before",0.0181,"Eggs",0
"Brown Trout","Salmon Before",0.0042,"Eggs",0
"Brown Trout","Salmon Before",0,"Eggs",0
"Brown Trout","Salmon Before",0.2695,"Eggs",0.603339517625232
"Brook Trout","No Salmon Before",1.5903,"Eggs",0
"Brook Trout","No Salmon Before",0,"Eggs",0
"Brook Trout","No Salmon Before",0,"Eggs",0
"Brown Trout","No Salmon Before",2.4388,"Eggs",0
"Brook Trout","No Salmon Before",0.0518,"Eggs",0
"Brook Trout","No Salmon Before",0,"Eggs",0
"Brook Trout","No Salmon Before",0.0174,"Eggs",0
"Brook Trout","No Salmon Before",0.0037,"Eggs",0
"Brook Trout","No Salmon Before",0,"Eggs",0
"Brook Trout","No Salmon Before",0,"Eggs",0
"Brook Trout","No Salmon Before",0.0219,"Eggs",0
"Brook Trout","No Salmon Before",0.0472,"Eggs",0
"Brook Trout","No Salmon Before",0,"Eggs",0
"Brook Trout","No Salmon Before",0.0431,"Eggs",0
"Brook Trout","No Salmon Before",0.0619,"Eggs",0
"Brown Trout","No Salmon Before",0.0192,"Eggs",0
"Brook Trout","No Salmon During",0.005,"Eggs",0
"Brook Trout","No Salmon During",0,"Eggs",0
"Brook Trout","No Salmon During",0,"Eggs",0
"Brook Trout","No Salmon During",0.0198,"Eggs",0
"Brown Trout","No Salmon During",0,"Eggs",0
"Brook Trout","No Salmon During",0,"Eggs",0
"Brook Trout","No Salmon During",0,"Eggs",0
"Brook Trout","No Salmon During",0,"Eggs",0
"Brook Trout","No Salmon During",0,"Eggs",0
"Brook Trout","No Salmon During",2e-04,"Eggs",0
"Brown Trout","Salmon During",1.2806,"Eggs",0.989067624550992
"Brown Trout","Salmon During",3.0792,"Eggs",0.998895817095349
"Brown Trout","Salmon During",0.0558,"Eggs",0
"Brown Trout","Salmon During",4.1027,"Eggs",0.855851024934799
"Brown Trout","Salmon During",5.0643,"Eggs",0
"Brown Trout","Salmon During",1.2611,"Eggs",0.840139560700975
"Brown Trout","Salmon During",3.0077,"Eggs",0.781527412973368
"Brown Trout","Salmon During",0.1789,"Eggs",0
"Brown Trout","Salmon During",0.2133,"Eggs",0.940928270042194
"Brown Trout","No Salmon During",0,"Eggs",0
"Brown Trout","No Salmon During",0.0158,"Eggs",0
"Brown Trout","No Salmon During",0.0012,"Eggs",0
"Brown Trout","No Salmon During",0.0024,"Eggs",0
"Brown Trout","No Salmon During",0,"Eggs",0
"Brown Trout","No Salmon During",0,"Eggs",0
"Brown Trout","No Salmon During",0.0015,"Eggs",0
"Brown Trout","No Salmon During",0.0022,"Eggs",0
"Brook Trout","Salmon During",0.1123,"Eggs",0
"Brook Trout","Salmon During",3.08,"Eggs",0.905032467532468
"Brook Trout","Salmon During",0.4973,"Eggs",0.242710637442188
"Brook Trout","Salmon During",7.6757,"Eggs",0.970712768867986
"Brook Trout","Salmon During",0.1569,"Eggs",0.356277884002549
"Brook Trout","Salmon During",2.2614,"Eggs",0.885867161935085
"Brook Trout","Salmon During",1.3662,"Eggs",0.788171570780266
"Brook Trout","Salmon During",0.3358,"Eggs",0
"Brook Trout","Salmon During",0.576,"Eggs",0
"Brook Trout","Salmon During",0,"Eggs",0
"Brook Trout","No Salmon During",0.009,"Eggs",0
"Brook Trout","No Salmon During",5e-04,"Eggs",0
"Brook Trout","No Salmon During",0.0104,"Eggs",0
"Brook Trout","No Salmon During",0.0108,"Eggs",0
"Brook Trout","No Salmon During",0,"Eggs",0
"Brook Trout","No Salmon During",0,"Eggs",0
"Brook Trout","No Salmon During",0,"Eggs",0
"Brook Trout","No Salmon During",0,"Eggs",0
"Brook Trout","No Salmon During",0,"Eggs",0
"Brown Trout","Salmon During",10.6368,"Eggs",0.810788959085439
"Brown Trout","Salmon During",0.6934,"Eggs",0.0850879723103548
"Brown Trout","Salmon During",6.4016,"Eggs",0.940842914271432
"Brown Trout","Salmon During",6.4317,"Eggs",0.942845592922555
"Brown Trout","Salmon During",9.6841,"Eggs",0.96730723557171
"Brook Trout","Salmon During",1.3286,"Eggs",0.620578052084901
"Brook Trout","Salmon During",3.8986,"Eggs",0.607936182219258
"Brown Trout","Salmon During",7.6163,"Eggs",0.998437561545632
"Brown Trout","Salmon During",8.3477,"Eggs",0.997687985912287
"Brook Trout","Salmon Before",0.5342,"Non-Eggs",1
"Brook Trout","Salmon Before",1.8181,"Non-Eggs",1
"Brook Trout","Salmon Before",0.4143,"Non-Eggs",1
"Brook Trout","Salmon Before",1.1402,"Non-Eggs",1
"Brook Trout","Salmon Before",0.3321,"Non-Eggs",1
"Brook Trout","Salmon Before",0.0161,"Non-Eggs",1
"Brook Trout","Salmon Before",0.0521,"Non-Eggs",1
"Brook Trout","Salmon Before",0.0452,"Non-Eggs",1
"Brook Trout","Salmon Before",0.1349,"Non-Eggs",1
"Brook Trout","Salmon Before",0.0073,"Non-Eggs",1
"Brook Trout","Salmon Before",0.2974,"Non-Eggs",1
"Brown Trout","Salmon Before",0.0086,"Non-Eggs",1
"Brown Trout","Salmon Before",0.1209,"Non-Eggs",1
"Brown Trout","Salmon Before",0.7619,"Non-Eggs",1
"Brown Trout","Salmon Before",0.015,"Non-Eggs",1
"Brown Trout","Salmon Before",0.053,"Non-Eggs",1
"Brown Trout","Salmon Before",0.0516,"Non-Eggs",1
"Brown Trout","Salmon Before",0.1122,"Non-Eggs",1
"Brown Trout","Salmon Before",0.0389,"Non-Eggs",1
"Brown Trout","Salmon Before",0,"Non-Eggs",0
"Brown Trout","Salmon Before",0.048,"Non-Eggs",1
"Brown Trout","No Salmon Before",0.0022,"Non-Eggs",1
"Brown Trout","No Salmon Before",0.0827,"Non-Eggs",1
"Brown Trout","No Salmon Before",0.1161,"Non-Eggs",1
"Brown Trout","No Salmon Before",0.4452,"Non-Eggs",1
"Brown Trout","No Salmon Before",0.1159,"Non-Eggs",1
"Brown Trout","No Salmon Before",0.0737,"Non-Eggs",1
"Brown Trout","No Salmon Before",0.1638,"Non-Eggs",1
"Brown Trout","No Salmon Before",0.0055,"Non-Eggs",1
"Brown Trout","No Salmon Before",0.1507,"Non-Eggs",1
"Brown Trout","No Salmon Before",0.0227,"Non-Eggs",1
"Brown Trout","Salmon Before",0.9348,"Non-Eggs",0
"Brown Trout","Salmon Before",0.1165,"Non-Eggs",1
"Brown Trout","Salmon Before",0,"Non-Eggs",0
"Brown Trout","Salmon Before",0.0596,"Non-Eggs",1
"Brown Trout","Salmon Before",0,"Non-Eggs",0
"Brown Trout","Salmon Before",0.0181,"Non-Eggs",1
"Brown Trout","Salmon Before",0.0042,"Non-Eggs",1
"Brown Trout","Salmon Before",0,"Non-Eggs",0
"Brown Trout","Salmon Before",0.2695,"Non-Eggs",0.396660482374768
"Brook Trout","No Salmon Before",1.5903,"Non-Eggs",1
"Brook Trout","No Salmon Before",0,"Non-Eggs",0
"Brook Trout","No Salmon Before",0,"Non-Eggs",0
"Brown Trout","No Salmon Before",2.4388,"Non-Eggs",1
"Brook Trout","No Salmon Before",0.0518,"Non-Eggs",1
"Brook Trout","No Salmon Before",0,"Non-Eggs",0
"Brook Trout","No Salmon Before",0.0174,"Non-Eggs",1
"Brook Trout","No Salmon Before",0.0037,"Non-Eggs",1
"Brook Trout","No Salmon Before",0,"Non-Eggs",0
"Brook Trout","No Salmon Before",0,"Non-Eggs",0
"Brook Trout","No Salmon Before",0.0219,"Non-Eggs",1
"Brook Trout","No Salmon Before",0.0472,"Non-Eggs",1
"Brook Trout","No Salmon Before",0,"Non-Eggs",0
"Brook Trout","No Salmon Before",0.0431,"Non-Eggs",1
"Brook Trout","No Salmon Before",0.0619,"Non-Eggs",1
"Brown Trout","No Salmon Before",0.0192,"Non-Eggs",1
"Brook Trout","No Salmon During",0.005,"Non-Eggs",1
"Brook Trout","No Salmon During",0,"Non-Eggs",0
"Brook Trout","No Salmon During",0,"Non-Eggs",0
"Brook Trout","No Salmon During",0.0198,"Non-Eggs",1
"Brown Trout","No Salmon During",0,"Non-Eggs",0
"Brook Trout","No Salmon During",0,"Non-Eggs",0
"Brook Trout","No Salmon During",0,"Non-Eggs",0
"Brook Trout","No Salmon During",0,"Non-Eggs",0
"Brook Trout","No Salmon During",0,"Non-Eggs",0
"Brook Trout","No Salmon During",2e-04,"Non-Eggs",1
"Brown Trout","Salmon During",1.2806,"Non-Eggs",0.0109323754490083
"Brown Trout","Salmon During",3.0792,"Non-Eggs",0.00110418290465056
"Brown Trout","Salmon During",0.0558,"Non-Eggs",1
"Brown Trout","Salmon During",4.1027,"Non-Eggs",0.144148975065201
"Brown Trout","Salmon During",5.0643,"Non-Eggs",1
"Brown Trout","Salmon During",1.2611,"Non-Eggs",0.159860439299025
"Brown Trout","Salmon During",3.0077,"Non-Eggs",0.218472587026632
"Brown Trout","Salmon During",0.1789,"Non-Eggs",1
"Brown Trout","Salmon During",0.2133,"Non-Eggs",0.0590717299578059
"Brown Trout","No Salmon During",0,"Non-Eggs",0
"Brown Trout","No Salmon During",0.0158,"Non-Eggs",1
"Brown Trout","No Salmon During",0.0012,"Non-Eggs",1
"Brown Trout","No Salmon During",0.0024,"Non-Eggs",1
"Brown Trout","No Salmon During",0,"Non-Eggs",0
"Brown Trout","No Salmon During",0,"Non-Eggs",0
"Brown Trout","No Salmon During",0.0015,"Non-Eggs",1
"Brown Trout","No Salmon During",0.0022,"Non-Eggs",1
"Brook Trout","Salmon During",0.1123,"Non-Eggs",1
"Brook Trout","Salmon During",3.08,"Non-Eggs",0.0949675324675325
"Brook Trout","Salmon During",0.4973,"Non-Eggs",0.757289362557812
"Brook Trout","Salmon During",7.6757,"Non-Eggs",0.029287231132014
"Brook Trout","Salmon During",0.1569,"Non-Eggs",0.643722115997451
"Brook Trout","Salmon During",2.2614,"Non-Eggs",0.114132838064916
"Brook Trout","Salmon During",1.3662,"Non-Eggs",0.211828429219734
"Brook Trout","Salmon During",0.3358,"Non-Eggs",1
"Brook Trout","Salmon During",0.576,"Non-Eggs",1
"Brook Trout","Salmon During",0,"Non-Eggs",0
"Brook Trout","No Salmon During",0.009,"Non-Eggs",1
"Brook Trout","No Salmon During",5e-04,"Non-Eggs",1
"Brook Trout","No Salmon During",0.0104,"Non-Eggs",1
"Brook Trout","No Salmon During",0.0108,"Non-Eggs",1
"Brook Trout","No Salmon During",0,"Non-Eggs",0
"Brook Trout","No Salmon During",0,"Non-Eggs",0
"Brook Trout","No Salmon During",0,"Non-Eggs",0
"Brook Trout","No Salmon During",0,"Non-Eggs",0
"Brook Trout","No Salmon During",0,"Non-Eggs",0
"Brown Trout","Salmon During",10.6368,"Non-Eggs",0.189211040914561
"Brown Trout","Salmon During",0.6934,"Non-Eggs",0.914912027689645
"Brown Trout","Salmon During",6.4016,"Non-Eggs",0.0591570857285679
"Brown Trout","Salmon During",6.4317,"Non-Eggs",0.0571544070774445
"Brown Trout","Salmon During",9.6841,"Non-Eggs",0.0326927644282897
"Brook Trout","Salmon During",1.3286,"Non-Eggs",0.379421947915099
"Brook Trout","Salmon During",3.8986,"Non-Eggs",0.392063817780742
"Brown Trout","Salmon During",7.6163,"Non-Eggs",0.00156243845436761
"Brown Trout","Salmon During",8.3477,"Non-Eggs",0.00231201408771278
