"Bucket","Species","Treatment_Names","Total_Eaten","dMass","Start_Feeding","Days_Feeding","Days_Dead","Days_Alive","Arrival","Size_Class","Total_Cals","rateMass"
1,"Brown Trout","Gorge",11.5,2.7,13,30,0,42,"Early","Medium 149-161mm",75309.59,0.0642857142857143
2,"Brown Trout","Gorge",4.5,-5.3,37,6,0,42,"Early","Large 161-177mm",29468.97,-0.126190476190476
3,"Brown Trout","Steady",11.75,4.4,40,3,0,42,"Early","Small 128-149mm",76946.755,0.104761904761905
4,"Brook Trout","Steady",28.25,19,3,40,0,42,"Late","Extra-Large 177-195mm",184999.645,0.452380952380952
5,"Brown Trout","Intermediate",6,-0.299999999999997,31,12,0,42,"Early","Small 128-149mm",39291.96,-0.00714285714285707
6,"Brook Trout","Chironomids",42.514,7.8,5,38,0,42,"Early","Large 161-177mm",181352.39494,0.185714285714286
7,"Brook Trout","Intermediate",27.75,15.5,1,42,0,42,"Late","Medium 149-161mm",181725.315,0.369047619047619
8,"Brown Trout","Intermediate",1.25,-3.6,41,2,0,42,"Early","Medium 149-161mm",8185.825,-0.0857142857142857
9,"Brown Trout","Gorge",10,3,13,30,0,42,"Early","Small 128-149mm",65486.6,0.0714285714285714
10,"Brook Trout","Intermediate",14.5,8.4,29,14,0,42,"Late","Extra-Large 177-195mm",94955.57,0.2
11,"Brown Trout","Intermediate",21.25,8.4,11,32,0,42,"Early","Small 128-149mm",139159.025,0.2
12,"Brown Trout","Chironomids",32.4415,3.1,3,40,0,42,"Early","Large 161-177mm",138386.030965,0.0738095238095238
13,"Brown Trout","Intermediate",12.5,2.1,7,36,0,42,"Early","Small 128-149mm",81858.25,0.05
14,"Brook Trout","Chironomids",43.1588,7.2,1,42,0,42,"Early","Large 161-177mm",184102.924748,0.171428571428571
15,"Brown Trout","Intermediate",1.75,-2.7,43,0,0,42,"Early","Large 161-177mm",11460.155,-0.0642857142857143
16,"Brook Trout","Chironomids",45.6082,9.1,1,42,0,42,"Early","Extra-Large 177-195mm",194551.354822,0.216666666666667
17,"Brook Trout","Steady",23,16,1,35,7,35,"Late","Extra-Large 177-195mm",150619.18,0.457142857142857
18,"Brook Trout","Intermediate",31.5,21.4,1,42,0,42,"Late","Extra-Large 177-195mm",206282.79,0.509523809523809
19,"Brown Trout","Chironomids",42.8257,7,1,42,0,42,"Early","Small 128-149mm",182682.016747,0.166666666666667
20,"Brown Trout","Gorge",3.75,-1.3,31,12,0,42,"Early","Medium 149-161mm",24557.475,-0.0309523809523811
21,"Brook Trout","Steady",31.25,22.2,1,42,0,42,"Late","Small 128-149mm",204645.625,0.528571428571429
22,"Brook Trout","Chironomids",30.9234,6.1,7,36,0,42,"Late","Extra-Large 177-195mm",131910.256614,0.145238095238095
23,"Brown Trout","Chironomids",41.8138,6.7,1,42,0,42,"Early","Medium 149-161mm",178365.544798,0.159523809523809
24,"Brown Trout","Steady",2,-3.9,39,4,0,42,"Early","Medium 149-161mm",13097.32,-0.0928571428571428
25,"Brook Trout","Gorge",26.5,19.6,1,42,0,42,"Early","Large 161-177mm",173539.49,0.466666666666667
26,"Brown Trout","Gorge",9.75,5.2,1,42,0,42,"Early","Small 128-149mm",63849.435,0.123809523809524
27,"Brook Trout","Intermediate",20.5,13.3,21,22,0,42,"Late","Medium 149-161mm",134247.53,0.316666666666667
28,"Brown Trout","Gorge",11.25,2,1,42,0,42,"Early","Small 128-149mm",73672.425,0.0476190476190476
30,"Brown Trout","Chironomids",17.0545,1.7,18,25,0,42,"Early","Small 128-149mm",72749.551195,0.0404761904761904
31,"Brown Trout","Steady",0.25,-7,43,0,0,42,"Early","Extra-Large 177-195mm",1637.165,-0.166666666666667
32,"Brown Trout","Steady",0.5,-5,43,0,0,42,"Early","Medium 149-161mm",3274.33,-0.119047619047619
33,"Brook Trout","Steady",25.5,15.4,29,14,0,42,"Late","Medium 149-161mm",166990.83,0.366666666666667
34,"Brown Trout","Steady",3.5,-1.5,43,0,15,27,"Early","Large 161-177mm",22920.31,-0.0555555555555556
34.2,"Brown Trout","Steady",8.5,2.6,34,9,27,15,"Early","Large 161-177mm",55663.61,0.173333333333333
35,"Brook Trout","Steady",31.5,21.5,1,42,0,42,"Early","Extra-Large 177-195mm",206282.79,0.511904761904762
36,"Brook Trout","Intermediate",22.75,16.6,3,40,0,42,"Late","Small 128-149mm",148982.015,0.395238095238095
37,"Brook Trout","Gorge",18.5,10,1,42,0,42,"Late","Large 161-177mm",121150.21,0.238095238095238
38,"Brown Trout","Steady",13,4.1,42,1,0,42,"Early","Small 128-149mm",85132.58,0.0976190476190476
39.2,"Brook Trout","Intermediate",2,-4.3,39,4,8,34,"Early","Extra-Large 177-195mm",13097.32,-0.126470588235294
40,"Brook Trout","Chironomids",43.3084,8.7,1,42,0,42,"Late","Small 128-149mm",184741.074964,0.207142857142857
41,"Brown Trout","Intermediate",12,4.4,27,16,0,42,"Early","Medium 149-161mm",78583.92,0.104761904761905
42,"Brook Trout","Chironomids",42.9398,5.09999999999999,3,40,0,42,"Early","Extra-Large 177-195mm",183168.734258,0.121428571428571
43.2,"Brook Trout","Gorge",20.25,13.5,7,36,5,37,"Early","Medium 149-161mm",132610.365,0.364864864864865
44,"Brook Trout","Steady",20,11.7,16,27,0,42,"Early","Large 161-177mm",130973.2,0.278571428571429
45,"Brook Trout","Gorge",18.5,12.1,16,27,0,42,"Early","Extra-Large 177-195mm",121150.21,0.288095238095238
46,"Brown Trout","Chironomids",28.9455,4.4,7,36,0,42,"Early","Medium 149-161mm",123473.108805,0.104761904761905
47,"Brook Trout","Gorge",14,3.3,10,33,0,42,"Late","Large 161-177mm",91681.24,0.0785714285714285
49.2,"Brook Trout","Gorge",8.5,1.6,34,9,5,37,"Early","Extra-Large 177-195mm",55663.61,0.0432432432432433
50,"Brown Trout","Chironomids",39.8128,4.6,1,42,0,42,"Early","Large 161-177mm",169829.859088,0.10952380952381
