ID,Species,Arrival,Treatment,Mass,Length,Liver_M,Per_Liver,Fat_M,Per_Fat,Stomach_M,Per_Stomach,Stomach_V,Notes,normalStomach_V,Treatment_Names,TOD,Size_Class
LS-46,Brown Trout,Early,5,28.6,138,0.3979,1.3913,0.1378,0.4818,0.3798,1.328,0.2,Fat was not picked from the caeca and Stomach was bad,0.006993007,Before Experiment,Before Experiment,Small 123-153mm
LS-1,Brown Trout,Early,5,40.4,155,0.6394,1.5827,0.3466,0.8579,0.4522,1.1193,0.31,Fat was not picked from the caeca and Stomach was bad,0.007673267,Before Experiment,Before Experiment,Medium 154-163mm
LS-47,Brown Trout,Early,5,19,123,0.2921,1.5374,0.0881,0.4637,0.1859,0.9784,0.38,Fat was not picked from the caeca,0.02,Before Experiment,Before Experiment,Small 123-153mm
LS-24,Brown Trout,Early,5,30.8,145,0.3068,0.9961,0.3276,1.0636,0.3273,1.0627,0.37,,0.012012987,Before Experiment,Before Experiment,Small 123-153mm
LS-27,Brown Trout,Early,5,59.9,181,0.5214,0.8705,0.5095,0.8506,0.4554,0.7603,0.34,,0.005676127,Before Experiment,Before Experiment,Large 163-181mm
LS-29,Brook Trout,Late,5,34.2,159,0.4247,1.2418,0.6644,1.9427,0.555,1.6228,0.4,Stomach was bad,0.011695906,Before Experiment,Before Experiment,Medium 154-163mm
LS-28,Brook Trout,Late,5,55.9,181,0.5714,1.0222,1.6066,2.8741,0.6904,1.2351,0.65,,0.011627907,Before Experiment,Before Experiment,Large 163-181mm
LS-31,Brook Trout,Late,5,22.8,141,0.2714,1.1904,0.3484,1.5281,0.3742,1.6412,0.25,,0.010964912,Before Experiment,Before Experiment,Small 123-153mm
LS-44,Brook Trout,Late,5,37.8,163,0.3519,0.931,1.0925,2.8902,0.5315,1.4061,0.12,Stomach was bad,0.003174603,Before Experiment,Before Experiment,Medium 154-163mm
LS-49,Brook Trout,Late,5,38.5,162,0.4251,1.1042,0.986,2.561,0.5123,1.3306,0.26,,0.006753247,Before Experiment,Before Experiment,Medium 154-163mm
LS-23,Brook Trout,Early,5,43.8,163,0.4448,1.0155,1.1099,2.534,0.4698,1.0726,0.32,,0.007305936,Before Experiment,Before Experiment,Medium 154-163mm
LS-16,Brook Trout,Early,5,38,161,0.4813,1.2666,1.0067,2.6492,0.6054,1.5932,0.24,,0.006315789,Before Experiment,Before Experiment,Medium 154-163mm
LS-17,Brook Trout,Early,5,31.4,155,0.34,1.0828,0.6341,2.0194,0.3964,1.2624,0.2,,0.006369427,Before Experiment,Before Experiment,Medium 154-163mm
UN-BLUNT,Brook Trout,Early,5,22.2,129,0.2761,1.2437,0.3395,1.5293,0.3749,1.6887,0.25,Unlabeled because it smashed it's face in,0.011261261,Before Experiment,Before Experiment,Small 123-153mm
LS-26,Brook Trout,Early,5,21.2,137,0.2203,1.0392,0.3149,1.4854,0.3049,1.4382,0.2,,0.009433962,Before Experiment,Before Experiment,Small 123-153mm
LS-9,Brook Trout,Early,5,54.1,188,0.4858,0.898,1.1379,2.1033,0.5568,1.0292,0.18,,0.003327172,Before Experiment,Before Experiment,Extra-Large 182-202mm
17Early,Brook Trout,Late,2,76.6,202,1.0841,1.4153,2.186,2.8538,1.7386,2.2697,2.1,"Died 6/21 after 35 days in the experiment. Stomach had three eggs in it, one of which was still whole",0.027415144,Steady,After Experiment,Extra-Large 182-202mm
23,Brown Trout,Early,1,40.9,163,0.3282,0.8024,0.4395,1.0746,0.3732,0.9125,0.25,Intestines all full of black,0.006112469,Chironomids,After Experiment,Medium 154-163mm
31,Brown Trout,Early,2,57.5,183,0.4227,0.7351,0.9617,1.6725,0.2605,0.453,0.13,"Intestines looked yellow, but empty when opening stomach",0.00226087,Steady,After Experiment,Extra-Large 182-202mm
26,Brown Trout,Early,4,30.3,146,0.3821,1.2611,0.3895,1.2855,0.4351,1.436,0.2,"Pink intestines, two egg shells in stomach",0.00660066,Gorge,After Experiment,Small 123-153mm
41,Brown Trout,Early,3,36.5,158,0.5161,1.414,0.2924,0.8011,0.4454,1.2203,0.3,4 eggs in stomach,0.008219178,Intermediate,After Experiment,Medium 154-163mm
24,Brown Trout,Early,2,28.9,148,0.3461,1.1976,0.1065,0.3685,0.3645,1.2612,0.4,"2 eggs, very stretchy stomach, esophagus was super stretched out",0.01384083,Steady,After Experiment,Small 123-153mm
20,Brown Trout,Early,4,34.4,154,0.2987,0.8683,0.3771,1.0962,0.2586,0.7517,0.1,"1 egg shell, full yellow intestines",0.002906977,Gorge,After Experiment,Medium 154-163mm
12,Brown Trout,Early,1,51.7,174,0.6227,1.2044,0.5802,1.1222,0.4399,0.8509,0.5,"very little black in stomach, but stretchy and very long esophagus",0.00967118,Chironomids,After Experiment,Large 163-181mm
32,Brown Trout,Early,2,29,149,0.1992,0.6869,0.4917,1.6955,0.1858,0.6407,0.11,empty stomach,0.003793103,Steady,After Experiment,Small 123-153mm
11,Brown Trout,Early,3,37.9,153,0.4939,1.3032,0.5061,1.3354,0.3498,0.923,0.3,"empty, red intestines, liquidy fat",0.007915567,Intermediate,After Experiment,Small 123-153mm
28,Brown Trout,Early,4,34.9,150,0.3692,1.0579,0.2599,0.7447,0.3294,0.9438,0.2,4 shells,0.005730659,Gorge,After Experiment,Small 123-153mm
45,Brook Trout,Early,4,74.5,201,1.1421,1.533,1.208,1.6215,0.9348,1.2548,0.55,"empty, intestines have yellow in them but appear red",0.00738255,Gorge,After Experiment,Extra-Large 182-202mm
5,Brown Trout,Early,3,32.1,149,0.3162,0.985,0.3548,1.1053,0.2282,0.7109,0.15,"empty, red intestines, liquidy fat",0.004672897,Intermediate,After Experiment,Small 123-153mm
6,Brook Trout,Early,1,52.4,177,0.7038,1.3431,0.7978,1.5225,0.7677,1.4651,1.3,"stomach very full of chironomid mush, stretched, intestines black",0.02480916,Chironomids,After Experiment,Large 163-181mm
42,Brook Trout,Early,1,69.6,200,0.8522,1.2244,1.2678,1.8216,0.9797,1.4076,1.04,few chironomids,0.014942529,Chironomids,After Experiment,Extra-Large 182-202mm
1,Brown Trout,Early,4,36.1,157,0.4294,1.1895,0.3346,0.9269,0.2422,0.6709,0.36,"empty, very smooth walled, more transparent stomach wall than normal",0.009972299,Gorge,After Experiment,Medium 154-163mm
17,Brook Trout,Late,2,71.5,195,0.8144,1.139,1.56,2.1818,0.7868,1.1004,0.78,"empty, much stretch",0.010909091,Steady,After Experiment,Extra-Large 182-202mm
2,Brown Trout,Early,4,44.1,172,0.2866,0.6499,0.5066,1.1488,0.2346,0.532,0.15,"no stretch, empty",0.003401361,Gorge,After Experiment,Large 163-181mm
18,Brook Trout,Late,3,72,193,0.8926,1.2397,1.174,1.6306,1.5525,2.1563,1.3,"either lots of broken up egg shell or way extra lining, white mush in stomach that filled it up to where it looked ""full"" without water",0.018055556,Intermediate,After Experiment,Extra-Large 182-202mm
34,Brown Trout,Early,2,46.2,161,0.46,0.9957,0.4061,0.879,0.8647,1.8716,0.9,4 shells and one whole egg in esophagus/forestomach--verrry difficult to squeeze back out the front even,0.019480519,Steady,After Experiment,Medium 154-163mm
19,Brown Trout,Early,1,39,158,0.3609,0.9254,0.4652,1.1928,0.3425,0.8782,0.34,very little black,0.008717949,Chironomids,After Experiment,Medium 154-163mm
39,Brook Trout,Early,3,55.4,179,0.5964,1.0765,0.6898,1.2451,0.6914,1.248,0.5,"four popped eggs in stomach, hard to fit back out",0.009025271,Intermediate,After Experiment,Large 163-181mm
7,Brook Trout,Late,3,50.7,170,0.7002,1.3811,1.4312,2.8229,0.9214,1.8174,0.7,"3 shells, lots of stomach mush",0.013806706,Intermediate,After Experiment,Large 163-181mm
44,Brook Trout,Early,2,65.4,184,0.9131,1.3962,0.4556,0.6966,0.8698,1.33,1.1,"3 shells, some mush, large but little fat in pyloric cecae",0.016819572,Steady,After Experiment,Extra-Large 182-202mm
21,Brook Trout,Late,2,46.6,168,0.5996,1.2867,0.7135,1.5311,0.7801,1.674,0.7,"1 egg shell, and mush, red intestines full",0.015021459,Steady,After Experiment,Large 163-181mm
36,Brook Trout,Late,3,38.1,152,0.5708,1.4982,0.7182,1.885,0.7247,1.9021,0.6,stomach mush and like three chironomids,0.015748031,Intermediate,After Experiment,Small 123-153mm
30,Brown Trout,Early,1,36.3,156,0.4099,1.1292,0.4825,1.3292,0.2641,0.7275,0.13,"empty stomach, intestines very full of black liquid",0.003581267,Chironomids,After Experiment,Medium 154-163mm
14,Brook Trout,Early,1,49.3,172,0.7167,1.4538,0.7441,1.5093,0.611,1.2394,0.77,"many chironomids in stomach, full black intestines,",0.015618661,Chironomids,After Experiment,Large 163-181mm
50,Brown Trout,Early,1,49,173,0.4526,0.9237,0.3931,0.8022,0.4169,0.8508,0.26,"empty stomach, intestines full of black liquid",0.005306122,Chironomids,After Experiment,Large 163-181mm
49,Brook Trout,Early,4,56.7,187,0.6811,1.2012,1.3445,2.3713,0.4845,0.8545,0.34,"Essentially empty, maybe some mush",0.005996473,Gorge,After Experiment,Extra-Large 182-202mm
16,Brook Trout,Early,1,63.2,183,0.6292,0.9956,0.7646,1.2098,0.895,1.4161,1.1,"some chironomids in stomach, black intestines, liquid fat, very pink organ flesh",0.017405063,Chironomids,After Experiment,Extra-Large 182-202mm
4,Brook Trout,Late,2,66.1,187,1.1253,1.7024,1.1207,1.6955,1.5708,2.3764,1.8,"One whole and two shells. The stomach bulge with normal esophagus, stomach wall was white while rest was pink--pinker once emptied",0.027231467,Steady,After Experiment,Extra-Large 182-202mm
33,Brook Trout,Late,2,46.6,165,0.6354,1.3635,0.9147,1.9629,0.7611,1.6333,0.9,"1 shell and mush, liquidy fat, full yellow intestines",0.019313305,Steady,After Experiment,Large 163-181mm
37,Brook Trout,Late,4,44.2,168,0.4881,1.1043,0.4182,0.9462,0.6885,1.5577,1.27,4 pieces of shell which equals probably 1 egg,0.028733032,Gorge,After Experiment,Large 163-181mm
22,Brook Trout,Late,1,59.1,183,0.5629,0.9525,1.2226,2.0687,0.7969,1.3484,0.88,"some chironomids and mush (white) full black intestines, liquidy fat",0.014890017,Chironomids,After Experiment,Extra-Large 182-202mm
47,Brook Trout,Late,4,48.5,176,0.5616,1.1579,0.6175,1.2732,0.7693,1.5862,1.19,"empty, essentially no strength to the walls--very limp but stretchy, white fat--not pink",0.024536082,Gorge,After Experiment,Large 163-181mm
46,Brown Trout,Early,1,37.1,156,0.3601,0.9706,0.3518,0.9482,0.4036,1.0879,0.42,very pink and red organs and fat--which was also kinda stringy. Very full black intestines despite empty stomach,0.011320755,Chironomids,After Experiment,Medium 154-163mm
25,Brook Trout,Early,4,67.8,189,0.791,1.1667,1.6016,2.3622,1.0911,1.6093,1,just some stomach mush,0.014749263,Gorge,After Experiment,Extra-Large 182-202mm
38,Brown Trout,Early,2,33.4,147,0.2918,0.8737,0.2993,0.8961,0.2714,0.8126,0.2,"1 shell and some mush, full yellow intestines",0.005988024,Steady,After Experiment,Small 123-153mm
15,Brown Trout,Early,3,48.4,176,0.4266,0.8814,0.1717,0.3548,0.2941,0.6076,0.13,"mush otherwise empty, very reddish pink organs",0.00268595,Intermediate,After Experiment,Large 163-181mm
43,Brook Trout,Early,4,50.3,170,0.6711,1.3342,1.0395,2.0666,0.9575,1.9036,1.5,2 egg shells (one in three pieces) encoated in mush. Very liquid fat and red intestines. Stomach had clear ridges (like humpback) and stretched well and held that shape (pictures),0.029821074,Gorge,After Experiment,Large 163-181mm
8,Brown Trout,Early,3,32.8,159,0.233,0.7104,0.3352,1.022,0.2012,0.6134,0.14,"just a little bit of mush, pink intestines until the end where it's yellow",0.004268293,Intermediate,After Experiment,Medium 154-163mm
9,Brown Trout,Early,4,35.6,153,0.3372,0.9472,0.3815,1.0716,0.3971,1.1154,0.5,"thin stomach wall, all very pink, 8 pieces adding up to two eggs it seems",0.014044944,Gorge,After Experiment,Small 123-153mm
10,Brook Trout,Late,3,57.6,184,0.6149,1.0675,1.1143,1.9345,0.596,1.0347,0.6,"Had the thin walls and ridges on stomach, 1 shell almost entirely dissolved and much mush",0.010416667,Intermediate,After Experiment,Extra-Large 182-202mm