"Bucket","Species","Arrival","Size_Class","Treatment_Names","dMass","Total_Eaten","ID","Percent_DryMass","CE"
1,"Brown Trout","Early","Medium 149-161mm","Gorge",2.7,11.5,"BNTBF1",23.46,0.130274361400189
3,"Brown Trout","Early","Small 128-149mm","Steady",4.4,11.75,"BNTBF3",24.53,0.217258801505666
4,"Brook Trout","Late","Extra-Large 177-195mm","Steady",19,28.25,"BKTLBF4",27.11,0.431250575597994
6,"Brook Trout","Early","Large 161-177mm","Chironomids",7.8,42.514,"BKTEBF6",24.16,0.369076638985005
7,"Brook Trout","Late","Medium 149-161mm","Intermediate",15.5,27.75,"BKTLBF7",25.42,0.335822104034025
9,"Brown Trout","Early","Small 128-149mm","Gorge",3,10,"BNTBF9",27.01,0.191650898770104
10,"Brook Trout","Late","Extra-Large 177-195mm","Intermediate",8.4,14.5,"BKTLBF10",26.04,0.356793788536195
11,"Brown Trout","Early","Small 128-149mm","Intermediate",8.4,21.25,"BNTBF11",25.02,0.233922867160109
12,"Brown Trout","Early","Large 161-177mm","Chironomids",3.1,32.4415,"BNTBF12",22.62,0.17997424506493
13,"Brown Trout","Early","Small 128-149mm","Intermediate",2.1,12.5,"BNTBF13",22.72,0.0902781456953643
14,"Brook Trout","Early","Large 161-177mm","Chironomids",7.2,43.1588,"BKTEBF14",23.46,0.325872817753527
16,"Brook Trout","Early","Extra-Large 177-195mm","Chironomids",9.1,45.6082,"BKTEBF16",23.92,0.39738971957878
17,"Brook Trout","Late","Extra-Large 177-195mm","Steady",16,23,"BKTLBF17",25.31,0.416437003825429
18,"Brook Trout","Late","Extra-Large 177-195mm","Intermediate",21.4,31.5,"BKTLBF18",25.83,0.415042573320719
19,"Brown Trout","Early","Small 128-149mm","Chironomids",7,42.8257,"BNTBF19",24.94,0.3394274890269
21,"Brook Trout","Late","Small 128-149mm","Steady",22.2,31.25,"BKTLBF21",24.48,0.411319583727531
22,"Brook Trout","Late","Extra-Large 177-195mm","Chironomids",6.1,30.9234,"BKTLBF22",23.1,0.379412442715143
23,"Brown Trout","Early","Medium 149-161mm","Chironomids",6.7,41.8138,"BNTBF23",24.48,0.32660555806369
25,"Brook Trout","Early","Large 161-177mm","Gorge",19.6,26.5,"BKTEBF25",27.1,0.474072222916406
26,"Brown Trout","Early","Small 128-149mm","Gorge",5.2,9.75,"BNTBF26",23.15,0.292021444339325
27,"Brook Trout","Late","Medium 149-161mm","Intermediate",13.3,20.5,"BKTLBF27",25.95,0.398198998546277
28,"Brown Trout","Early","Small 128-149mm","Gorge",2,11.25,"BNTBF28",25.64,0.107810364764007
30,"Brown Trout","Early","Small 128-149mm","Chironomids",1.7,17.0545,"BNTBF30",23.28,0.193219030463365
33,"Brook Trout","Late","Medium 149-161mm","Steady",15.4,25.5,"BKTLBF33",25.09,0.358382028308012
34.2,"Brown Trout","Early","Large 161-177mm","Steady",2.6,8.5,"BNTBF34",25.29,0.18296510657243
35,"Brook Trout","Early","Extra-Large 177-195mm","Steady",21.5,31.5,"BKTEBF35",25.75,0.41569055878422
36,"Brook Trout","Late","Small 128-149mm","Intermediate",16.6,22.75,"BKTLBF36",25.63,0.442323806751432
37,"Brook Trout","Late","Large 161-177mm","Gorge",10,18.5,"BKTLBF37",26.24,0.335472653353448
38,"Brown Trout","Early","Small 128-149mm","Steady",4.1,13,"BNTBF38",25.5,0.190215413725347
40,"Brook Trout","Late","Small 128-149mm","Chironomids",8.7,43.3084,"BKTLBF40",22.13,0.37015661913693
41,"Brown Trout","Early","Medium 149-161mm","Intermediate",4.4,12,"BNTBF41",24.98,0.216635130873541
42,"Brook Trout","Early","Extra-Large 177-195mm","Chironomids",5.09999999999999,42.9398,"BKTEBF42",23.37,0.23111379225457
43.2,"Brook Trout","Early","Medium 149-161mm","Gorge",13.5,20.25,"BKTEBF43",24.82,0.391359192683696
44,"Brook Trout","Early","Large 161-177mm","Steady",11.7,20,"BKTEBF44",26.85,0.371505439924314
45,"Brook Trout","Early","Extra-Large 177-195mm","Gorge",12.1,18.5,"BKTEBF45",27.19,0.420618016313381
46,"Brown Trout","Early","Medium 149-161mm","Chironomids",4.4,28.9455,"BNTBF46",23.75,0.30060225013585
47,"Brook Trout","Late","Large 161-177mm","Gorge",3.3,14,"BKTLBF47",23.69,0.132073591025814
49.2,"Brook Trout","Early","Extra-Large 177-195mm","Gorge",1.6,8.5,"BKTEBF49",24.73,0.110100729033335
50,"Brown Trout","Early","Large 161-177mm","Chironomids",4.6,39.8128,"BNTBF50",23.88,0.229734608425383
